Name,Location,Date
"Abu Dhabi Grand Prix","Yas Marina Circuit",2024-12-01
"Bahrain Grand Prix","Bahrain International Circuit",2024-11-24
"Belgian Grand Prix","Circuit de Spa-Francorchamps",2024-08-25
"British Grand Prix","Silverstone Circuit",2024-07-14
"Canadian Grand Prix","Circuit Gilles Villeneuve",2024-06-09
"Hungarian Grand Prix",Hungaroring,2024-08-04
"Italian Grand Prix","Autodromo Nazionale Monza",2024-09-08
"Japanese Grand Prix","Suzuka Circuit",2024-10-13
"Russian Grand Prix","Sochi Autodrom",2024-09-29
"United States Grand Prix","Circuit of the Americas",2024-10-27
